name	pool	seq	size	%gc	tm (use 65)
scheme_1_LEFT	1	TGTTAGTCTRCGTGGACCGACA	22	50.00	60.99
scheme_1_RIGHT	1	TRAGGGTGCACATGTTRACACC	22	50.00	61.26
scheme_2_LEFT	2	GGAGAGCCRCACATGATAGTYA	22	50.00	60.14
scheme_2_RIGHT	2	ACAGTCCTTCMACGAAGTCYCT	22	50.00	60.94
scheme_3_LEFT	1	ATAGGAACATCCATYACCCAGA	22	45.00	58.86
scheme_3_RIGHT	1	GTTGCARTTGTYCCATGTTCTGT	23	43.00	58.47
scheme_4_LEFT	2	GTGTGTGACAAAACTKGAAGGA	22	45.48	58.32
scheme_4_RIGHT	2	CATATGTAATGTGCACAGGGTCA	23	43.45	58.87
scheme_5_LEFT	1	GGAACGACRACAATTYTYGCAGG	23	42.13	60.37
scheme_5_RIGHT	1	GGTCCAAGAAACACCGYTGAAC	22	50.45	60.12
scheme_6_LEFT	2	ACMGCATGGGACTTYGGTTCYA	22	50.00	61.60
scheme_6_RIGHT	2	TRTTCCATGGGTTGTGGCCTRAT	23	49.00	61.07
scheme_7_LEFT	1	TCTYGAGAACATCATGTGGAAG	22	48.33	60.05
scheme_7_RIGHT	1	YCCTGGTCTGTAGTTGTGCTGA	22	50.00	61.20
scheme_8_LEFT	2	ATYTGGCCAARATCYCACACTC	22	50.00	59.07
scheme_8_RIGHT	2	GYCTGATCAGATCRTTCCATGTCA	24	45.83	61.07
scheme_9_LEFT	1	GTAATGAGATCCAGATGGAGCAGA	24	48.00	60.95
scheme_9_RIGHT	1	ARCACCGGAAGCCATGTTGTTT	22	45.00	60.13
scheme_10_LEFT	2	AYTGTCAATYGTATCTCTCTTCCC	24	40.00	59.67
scheme_10_RIGHT	2	TCCCARAGSACTCCWGATCTCT	22	50.00	60.01
scheme_11_LEFT	1	GCAATYTCAGGGGTATACCCA	22	50.00	60.55
scheme_11_RIGHT	1	TGTTGTCACYACTCCATTTCCA	22	45.45	60.28
scheme_12_LEFT	2	GTTGGAGCCATWGCTCTAGAYT	22	50.00	60.54
scheme_12_RIGHT	2	TGAGATATACCCTCTRGCYGCT	22	50.00	60.34
scheme_13_LEFT	1	CTTATGTGYCACGCCACTTTYA	22	45.55	59.00
scheme_13_RIGHT	1	GGRCCATCTTTTAGTATTACCGG	23	48.38	59.13
scheme_14_LEFT	2	TCYGAAATGGGAGCAAAYTTCC	22	50.00	61.32
scheme_14_RIGHT	2	GCGRGGTCGYARTTTCTTTCTT	22	50.00	59.05
scheme_15_LEFT	1	AYAGAAGGTGGTGCTTTGAYGG	22	50.00	61.26
scheme_15_RIGHT	1	GGYTCTGGAATRAGCAACACCA	22	50.00	61.06
scheme_16_LEFT	2	AGTGTRGARCCCCATTGGATAGC	23	50.00	61.06
scheme_16_RIGHT	2	CCGGGTCCRATTATRGCRTAATG	23	47.83	60.06
scheme_17_LEFT	1	TAGGAGTKCCACTTCTCGCYTT	22	50.00	61.01
scheme_17_RIGHT	1	TYTCTCCCARTGTTTCCCCTTG	22	50.67	60.34
scheme_18_LEFT	2	AATCTYTAGGAGGAGGTAGGAGAG	24	50.00	59.73
scheme_18_RIGHT	2	CTAAAGATGGTGGAACCATGGCT	23	47.83	59.81
scheme_19_LEFT	1	CCACCTGAGAAATGTGAYACCC	22	54.55	61.32
scheme_19_RIGHT	1	CTGAYCCTGATGGCTTGACCTC	22	54.55	60.67
scheme_20_LEFT	2	AAMATGAACAYAAATCAACATGGCA	25	32.00	59.56
scheme_20_RIGHT	2	TTTGCCTTTCCRAAYTCTCCTA	22	45.45	59.55
scheme_21_LEFT	1	TGCAYAGAGAGAGGGAGCTYCA	22	50.55	61.98
scheme_21_RIGHT	1	CYTCCATGTTGGTGAAGGTRTTTA	24	45.00	60.94
scheme_22_LEFT	2	GCGAAAARTGGAACYGTGATGG	22	50.00	61.16
scheme_22_RIGHT	2	GGAAGTACATCAGCTGCCACAT	22	50.00	60.86
scheme_23_LEFT	1	AACTTGTAGGYAGGGCYAGAGT	22	50.00	60.68
scheme_23_RIGHT	1	ATGGCTTAAWCYGGCCTGACTTCT	24	50.62	61.18
scheme_24_LEFT	2	GTGAGAAGRCTWATTGGGAAYGA	22	48.45	60.61
scheme_24_RIGHT	2	TGTTGATTCAAMAGCACCATTCC	23	43.48	60.25
