name	pool	seq	length	%gc	tm(use 65)
D2_1_LEFT	D2_1	AGTTGTTAGTCTACGTGGACCGACA	25	54.2	68.6
D2_1_RIGHT	D2_1	AGCACCATCTCATTGAAGTCGAGG	24	46.2	65.8
D2_2_LEFT	D2_2	CAAACACTCCATGGTAGACAGAGG	24	60.9	68.7
D2_2_RIGHT	D2_2	TCCCRCTGCCACATTTCARTTCTTT	25	50.0	64.7
D2_3_LEFT	D2_1	ACGCSAAGAAACAGGATGTYGTTGT	25	56.5	64.9
D2_3_RIGHT	D2_1	TCCTGCTGTTTGTGTATGGTAGCC	24	42.3	61.9
D2_4_LEFT	D2_2	CACATGGAAGATGGAGAAAGCCTC	24	50.0	67.8
D2_4_RIGHT	D2_2	GCCGTRATTGGTATYGATACWGGAA	25	58.3	69.9
D2_5_LEFT	D2_1	ATGGGMGTGACTTAYCTTGCCCTA	24	58.3	68.0
D2_5_RIGHT	D2_1	CTTCTCTAACTATGGCTGGAAGG	23	54.2	65.4
D2_6_LEFT	D2_2	TGGTGTTGTCACAAGGAGTGGAG	23	54.2	65.3
D2_6_RIGHT	D2_2	TACGCCYTTCCRCCTGCYTCAG	22	56.5	63.0
D2_7_LEFT	D2_1	GCAGACAGAARGTGGTGTTTTGATG	25	52.0	69.0
D2_7_RIGHT	D2_1	CATTAATACTTGAGTCACGCAGAGG	25	52.0	66.7
D2_8_LEFT	D2_2	TTCAAGCAAAAGCAACCAGAGAAGC	25	46.2	66.9
D2_8_RIGHT	D2_2	CATGGTAWGCCCAYGTTTTGTATGG	25	52.0	65.9
D2_9_LEFT	D2_1	CAGGAAGTGGATAGAACCYTRGCA	24	38.5	63.4
D2_9_RIGHT	D2_1	CATTACTGTGCCTCTTGGTGTTGG	24	54.2	65.6
D2_10_LEFT	D2_2	CTGGTTGACAGGGAAAGAAATCTCC	25	48.0	65.1
D2_10_RIGHT	D2_2	AGAACCTGTTGATTCAACAGCACCAT	26	54.2	68.6
